{"saved":{"ac,01":"../../assets/emot/ac/01.gif","ac,02":"../../assets/emot/ac/02.gif","ac,03":"../../assets/emot/ac/03.gif","ac,04":"../../assets/emot/ac/04.gif","ac,05":"../../assets/emot/ac/05.gif","ac,06":"../../assets/emot/ac/06.gif","ac,07":"../../assets/emot/ac/07.gif","ac,08":"../../assets/emot/ac/08.gif","ac,09":"../../assets/emot/ac/09.gif","ac,10":"../../assets/emot/ac/10.gif","ac,11":"../../assets/emot/ac/11.gif","ac,12":"../../assets/emot/ac/12.gif","ac,13":"../../assets/emot/ac/13.gif","ac,14":"../../assets/emot/ac/14.gif","ac,15":"../../assets/emot/ac/15.gif","ac,16":"../../assets/emot/ac/16.gif","ac,17":"../../assets/emot/ac/17.gif","ac,18":"../../assets/emot/ac/18.gif","ac,19":"../../assets/emot/ac/19.gif","ac,20":"../../assets/emot/ac/20.gif","ac,21":"../../assets/emot/ac/21.gif","ac,22":"../../assets/emot/ac/22.gif","ac,23":"../../assets/emot/ac/23.gif","ac,24":"../../assets/emot/ac/24.gif","ac,25":"../../assets/emot/ac/25.gif","ac,26":"../../assets/emot/ac/26.gif","ac,27":"../../assets/emot/ac/27.gif","ac,28":"../../assets/emot/ac/28.gif","ac,29":"../../assets/emot/ac/29.gif","ac,30":"../../assets/emot/ac/30.gif","ac,31":"../../assets/emot/ac/31.gif","ac,32":"../../assets/emot/ac/32.gif","ac,33":"../../assets/emot/ac/33.gif","ac,34":"../../assets/emot/ac/34.gif","ac,35":"../../assets/emot/ac/35.gif","ac,36":"../../assets/emot/ac/36.gif","ac,37":"../../assets/emot/ac/37.gif","ac,38":"../../assets/emot/ac/38.gif","ac,39":"../../assets/emot/ac/39.gif","ac,40":"../../assets/emot/ac/40.gif","ac,41":"../../assets/emot/ac/41.gif","ac,42":"../../assets/emot/ac/42.gif","ac,43":"../../assets/emot/ac/43.gif","ac,44":"../../assets/emot/ac/44.gif","ac,45":"../../assets/emot/ac/45.gif","ac,46":"../../assets/emot/ac/46.gif","ac,47":"../../assets/emot/ac/47.gif","ac,48":"../../assets/emot/ac/48.gif","ac,49":"../../assets/emot/ac/49.gif","ac,50":"../../assets/emot/ac/50.gif","ac,51":"../../assets/emot/ac/51.gif","ac,52":"../../assets/emot/ac/52.gif","ac,53":"../../assets/emot/ac/53.gif","ac,54":"../../assets/emot/ac/54.gif","ac,55":"../../assets/emot/ac/55.gif","ac2,01":"../../assets/emot/ac2/01.gif","ac2,02":"../../assets/emot/ac2/02.gif","ac2,03":"../../assets/emot/ac2/03.gif","ac2,04":"../../assets/emot/ac2/04.gif","ac2,05":"../../assets/emot/ac2/05.gif","ac2,06":"../../assets/emot/ac2/06.gif","ac2,07":"../../assets/emot/ac2/07.gif","ac2,08":"../../assets/emot/ac2/08.gif","ac2,09":"../../assets/emot/ac2/09.gif","ac2,10":"../../assets/emot/ac2/10.gif","ac2,11":"../../assets/emot/ac2/11.gif","ac2,12":"../../assets/emot/ac2/12.gif","ac2,13":"../../assets/emot/ac2/13.gif","ac2,14":"../../assets/emot/ac2/14.gif","ac2,15":"../../assets/emot/ac2/15.gif","ac2,16":"../../assets/emot/ac2/16.gif","ac2,17":"../../assets/emot/ac2/17.gif","ac2,18":"../../assets/emot/ac2/18.gif","ac2,19":"../../assets/emot/ac2/19.gif","ac2,20":"../../assets/emot/ac2/20.gif","ac2,21":"../../assets/emot/ac2/21.gif","ac2,22":"../../assets/emot/ac2/22.gif","ac2,23":"../../assets/emot/ac2/23.gif","ac2,24":"../../assets/emot/ac2/24.gif","ac2,25":"../../assets/emot/ac2/25.gif","ac2,26":"../../assets/emot/ac2/26.gif","ac2,27":"../../assets/emot/ac2/27.gif","ac2,28":"../../assets/emot/ac2/28.gif","ac2,29":"../../assets/emot/ac2/29.gif","ac2,30":"../../assets/emot/ac2/30.gif","ac2,31":"../../assets/emot/ac2/31.gif","ac2,32":"../../assets/emot/ac2/32.gif","ac2,33":"../../assets/emot/ac2/33.gif","ac2,34":"../../assets/emot/ac2/34.gif","ac2,35":"../../assets/emot/ac2/35.gif","ac2,36":"../../assets/emot/ac2/36.gif","ac2,37":"../../assets/emot/ac2/37.gif","ac2,38":"../../assets/emot/ac2/38.gif","ac2,39":"../../assets/emot/ac2/39.gif","ac2,40":"../../assets/emot/ac2/40.gif","ac2,41":"../../assets/emot/ac2/41.gif","ac2,42":"../../assets/emot/ac2/42.gif","ac2,43":"../../assets/emot/ac2/43.gif","ac2,44":"../../assets/emot/ac2/44.gif","ac2,45":"../../assets/emot/ac2/45.gif","ac2,46":"../../assets/emot/ac2/46.gif","ac2,47":"../../assets/emot/ac2/47.gif","ac2,48":"../../assets/emot/ac2/48.gif","ac2,49":"../../assets/emot/ac2/49.gif","ac2,50":"../../assets/emot/ac2/50.gif","ac2,51":"../../assets/emot/ac2/51.gif","ac2,52":"../../assets/emot/ac2/52.gif","ac2,53":"../../assets/emot/ac2/53.gif","ac2,54":"../../assets/emot/ac2/54.gif","ac2,55":"../../assets/emot/ac2/55.gif","ac3,01":"../../assets/emot/ac3/01.gif","ac3,02":"../../assets/emot/ac3/02.gif","ac3,03":"../../assets/emot/ac3/03.gif","ac3,04":"../../assets/emot/ac3/04.gif","ac3,05":"../../assets/emot/ac3/05.gif","ac3,06":"../../assets/emot/ac3/06.gif","ac3,07":"../../assets/emot/ac3/07.gif","ac3,08":"../../assets/emot/ac3/08.gif","ac3,09":"../../assets/emot/ac3/09.gif","ac3,10":"../../assets/emot/ac3/10.gif","ac3,11":"../../assets/emot/ac3/11.gif","ac3,12":"../../assets/emot/ac3/12.gif","ac3,13":"../../assets/emot/ac3/13.gif","ac3,14":"../../assets/emot/ac3/14.gif","ac3,15":"../../assets/emot/ac3/15.gif","ac3,16":"../../assets/emot/ac3/16.gif","ac3,17":"../../assets/emot/ac3/17.gif","ac3,18":"../../assets/emot/ac3/18.gif","ac3,19":"../../assets/emot/ac3/19.gif","ac3,20":"../../assets/emot/ac3/20.gif","ac3,21":"../../assets/emot/ac3/21.gif","ac3,22":"../../assets/emot/ac3/22.gif","ac3,23":"../../assets/emot/ac3/23.gif","ac3,24":"../../assets/emot/ac3/24.gif","ac3,25":"../../assets/emot/ac3/25.gif","ac3,26":"../../assets/emot/ac3/26.gif","ac3,27":"../../assets/emot/ac3/27.gif","ac3,28":"../../assets/emot/ac3/28.gif","ac3,29":"../../assets/emot/ac3/29.gif","ac3,30":"../../assets/emot/ac3/30.gif","ac3,31":"../../assets/emot/ac3/31.gif","ac3,32":"../../assets/emot/ac3/32.gif","ac3,33":"../../assets/emot/ac3/33.gif","ac3,34":"../../assets/emot/ac3/34.gif","ac3,35":"../../assets/emot/ac3/35.gif","ac3,36":"../../assets/emot/ac3/36.gif","ac3,37":"../../assets/emot/ac3/37.gif","ac3,38":"../../assets/emot/ac3/38.gif","ac3,39":"../../assets/emot/ac3/39.gif","ac3,40":"../../assets/emot/ac3/40.gif","ac3,41":"../../assets/emot/ac3/41.gif","ac3,42":"../../assets/emot/ac3/42.gif","ac3,43":"../../assets/emot/ac3/43.gif","ac3,44":"../../assets/emot/ac3/44.gif","ac3,45":"../../assets/emot/ac3/45.gif","ac3,46":"../../assets/emot/ac3/46.gif","ac3,47":"../../assets/emot/ac3/47.gif","ac3,48":"../../assets/emot/ac3/48.gif","ac3,49":"../../assets/emot/ac3/49.gif","ac3,50":"../../assets/emot/ac3/50.gif","ais,01":"../../assets/emot/ais/01.gif","ais,02":"../../assets/emot/ais/02.gif","ais,03":"../../assets/emot/ais/03.gif","ais,04":"../../assets/emot/ais/04.gif","ais,05":"../../assets/emot/ais/05.gif","ais,06":"../../assets/emot/ais/06.gif","ais,07":"../../assets/emot/ais/07.gif","ais,08":"../../assets/emot/ais/08.gif","ais,09":"../../assets/emot/ais/09.gif","ais,10":"../../assets/emot/ais/10.gif","ais,11":"../../assets/emot/ais/11.gif","ais,12":"../../assets/emot/ais/12.gif","ais,13":"../../assets/emot/ais/13.gif","ais,14":"../../assets/emot/ais/14.gif","ais,15":"../../assets/emot/ais/15.gif","ais,16":"../../assets/emot/ais/16.gif","ais,17":"../../assets/emot/ais/17.gif","ais,18":"../../assets/emot/ais/18.gif","ais,19":"../../assets/emot/ais/19.gif","ais,20":"../../assets/emot/ais/20.gif","ais,21":"../../assets/emot/ais/21.gif","ais,22":"../../assets/emot/ais/22.gif","ais,23":"../../assets/emot/ais/23.gif","ais,24":"../../assets/emot/ais/24.gif","ais,25":"../../assets/emot/ais/25.gif","ais,26":"../../assets/emot/ais/26.gif","ais,27":"../../assets/emot/ais/27.gif","ais,28":"../../assets/emot/ais/28.gif","ais,29":"../../assets/emot/ais/29.gif","ais,30":"../../assets/emot/ais/30.gif","ais,31":"../../assets/emot/ais/31.gif","ais,32":"../../assets/emot/ais/32.gif","ais,33":"../../assets/emot/ais/33.gif","ais,34":"../../assets/emot/ais/34.gif","ais,35":"../../assets/emot/ais/35.gif","ais,36":"../../assets/emot/ais/36.gif","ais,37":"../../assets/emot/ais/37.gif","ais,38":"../../assets/emot/ais/38.gif","ais,39":"../../assets/emot/ais/39.gif","ais,40":"../../assets/emot/ais/40.gif","acfun,1":"../../assets/emot/big/1.gif","acfun,10":"../../assets/emot/big/10.gif","acfun,11":"../../assets/emot/big/11.gif","acfun,12":"../../assets/emot/big/12.gif","acfun,13":"../../assets/emot/big/13.gif","acfun,14":"../../assets/emot/big/14.gif","acfun,15":"../../assets/emot/big/15.gif","acfun,16":"../../assets/emot/big/16.gif","acfun,1651":"../../assets/emot/big/1651.png","acfun,1652":"../../assets/emot/big/1652.png","acfun,1653":"../../assets/emot/big/1653.png","acfun,1654":"../../assets/emot/big/1654.png","acfun,1655":"../../assets/emot/big/1655.png","acfun,1656":"../../assets/emot/big/1656.png","acfun,1657":"../../assets/emot/big/1657.png","acfun,1658":"../../assets/emot/big/1658.png","acfun,1659":"../../assets/emot/big/1659.png","acfun,1660":"../../assets/emot/big/1660.png","acfun,1661":"../../assets/emot/big/1661.png","acfun,1662":"../../assets/emot/big/1662.png","acfun,1663":"../../assets/emot/big/1663.png","acfun,1664":"../../assets/emot/big/1664.png","acfun,1665":"../../assets/emot/big/1665.png","acfun,1667":"../../assets/emot/big/1667.png","acfun,1668":"../../assets/emot/big/1668.png","acfun,1669":"../../assets/emot/big/1669.png","acfun,1670":"../../assets/emot/big/1670.png","acfun,1671":"../../assets/emot/big/1671.png","acfun,1672":"../../assets/emot/big/1672.png","acfun,1673":"../../assets/emot/big/1673.png","acfun,1674":"../../assets/emot/big/1674.png","acfun,1675":"../../assets/emot/big/1675.png","acfun,1676":"../../assets/emot/big/1676.png","acfun,1677":"../../assets/emot/big/1677.png","acfun,1678":"../../assets/emot/big/1678.png","acfun,1679":"../../assets/emot/big/1679.png","acfun,1680":"../../assets/emot/big/1680.png","acfun,1681":"../../assets/emot/big/1681.png","acfun,1682":"../../assets/emot/big/1682.png","acfun,1683":"../../assets/emot/big/1683.png","acfun,1684":"../../assets/emot/big/1684.png","acfun,1685":"../../assets/emot/big/1685.png","acfun,1686":"../../assets/emot/big/1686.png","acfun,1687":"../../assets/emot/big/1687.png","acfun,1688":"../../assets/emot/big/1688.png","acfun,1689":"../../assets/emot/big/1689.png","acfun,1690":"../../assets/emot/big/1690.png","acfun,1691":"../../assets/emot/big/1691.png","acfun,1692":"../../assets/emot/big/1692.png","acfun,1693":"../../assets/emot/big/1693.png","acfun,1694":"../../assets/emot/big/1694.png","acfun,1695":"../../assets/emot/big/1695.png","acfun,1696":"../../assets/emot/big/1696.png","acfun,1697":"../../assets/emot/big/1697.png","acfun,1698":"../../assets/emot/big/1698.png","acfun,1699":"../../assets/emot/big/1699.png","acfun,17":"../../assets/emot/big/17.gif","acfun,1700":"../../assets/emot/big/1700.png","acfun,1701":"../../assets/emot/big/1701.png","acfun,1702":"../../assets/emot/big/1702.png","acfun,1703":"../../assets/emot/big/1703.png","acfun,1704":"../../assets/emot/big/1704.png","acfun,1705":"../../assets/emot/big/1705.png","acfun,1706":"../../assets/emot/big/1706.png","acfun,1707":"../../assets/emot/big/1707.png","acfun,1708":"../../assets/emot/big/1708.png","acfun,1709":"../../assets/emot/big/1709.png","acfun,1710":"../../assets/emot/big/1710.png","acfun,1711":"../../assets/emot/big/1711.png","acfun,1712":"../../assets/emot/big/1712.png","acfun,1713":"../../assets/emot/big/1713.png","acfun,1714":"../../assets/emot/big/1714.png","acfun,1715":"../../assets/emot/big/1715.png","acfun,1716":"../../assets/emot/big/1716.png","acfun,1717":"../../assets/emot/big/1717.png","acfun,1718":"../../assets/emot/big/1718.png","acfun,1719":"../../assets/emot/big/1719.png","acfun,1720":"../../assets/emot/big/1720.png","acfun,1721":"../../assets/emot/big/1721.png","acfun,1722":"../../assets/emot/big/1722.png","acfun,1723":"../../assets/emot/big/1723.png","acfun,1724":"../../assets/emot/big/1724.png","acfun,1725":"../../assets/emot/big/1725.png","acfun,1726":"../../assets/emot/big/1726.png","acfun,1727":"../../assets/emot/big/1727.png","acfun,1728":"../../assets/emot/big/1728.png","acfun,1729":"../../assets/emot/big/1729.png","acfun,1730":"../../assets/emot/big/1730.png","acfun,1731":"../../assets/emot/big/1731.png","acfun,1732":"../../assets/emot/big/1732.png","acfun,1733":"../../assets/emot/big/1733.png","acfun,1734":"../../assets/emot/big/1734.png","acfun,1735":"../../assets/emot/big/1735.png","acfun,1736":"../../assets/emot/big/1736.png","acfun,1737":"../../assets/emot/big/1737.png","acfun,1738":"../../assets/emot/big/1738.png","acfun,1739":"../../assets/emot/big/1739.png","acfun,1740":"../../assets/emot/big/1740.png","acfun,1741":"../../assets/emot/big/1741.png","acfun,1742":"../../assets/emot/big/1742.png","acfun,1743":"../../assets/emot/big/1743.png","acfun,1744":"../../assets/emot/big/1744.png","acfun,1745":"../../assets/emot/big/1745.png","acfun,1746":"../../assets/emot/big/1746.png","acfun,1747":"../../assets/emot/big/1747.png","acfun,1748":"../../assets/emot/big/1748.png","acfun,1749":"../../assets/emot/big/1749.png","acfun,1750":"../../assets/emot/big/1750.png","acfun,1751":"../../assets/emot/big/1751.png","acfun,1752":"../../assets/emot/big/1752.png","acfun,1753":"../../assets/emot/big/1753.png","acfun,1754":"../../assets/emot/big/1754.png","acfun,1755":"../../assets/emot/big/1755.png","acfun,1756":"../../assets/emot/big/1756.png","acfun,1757":"../../assets/emot/big/1757.png","acfun,1758":"../../assets/emot/big/1758.png","acfun,1759":"../../assets/emot/big/1759.png","acfun,1760":"../../assets/emot/big/1760.png","acfun,1761":"../../assets/emot/big/1761.png","acfun,1762":"../../assets/emot/big/1762.png","acfun,1763":"../../assets/emot/big/1763.png","acfun,1764":"../../assets/emot/big/1764.png","acfun,1765":"../../assets/emot/big/1765.png","acfun,1766":"../../assets/emot/big/1766.png","acfun,1767":"../../assets/emot/big/1767.png","acfun,1768":"../../assets/emot/big/1768.png","acfun,1769":"../../assets/emot/big/1769.png","acfun,1770":"../../assets/emot/big/1770.png","acfun,1771":"../../assets/emot/big/1771.png","acfun,1772":"../../assets/emot/big/1772.png","acfun,1773":"../../assets/emot/big/1773.png","acfun,1774":"../../assets/emot/big/1774.png","acfun,1775":"../../assets/emot/big/1775.png","acfun,1776":"../../assets/emot/big/1776.png","acfun,1778":"../../assets/emot/big/1778.png","acfun,1779":"../../assets/emot/big/1779.png","acfun,1780":"../../assets/emot/big/1780.png","acfun,1781":"../../assets/emot/big/1781.png","acfun,1782":"../../assets/emot/big/1782.png","acfun,1783":"../../assets/emot/big/1783.png","acfun,1784":"../../assets/emot/big/1784.png","acfun,1785":"../../assets/emot/big/1785.png","acfun,1786":"../../assets/emot/big/1786.png","acfun,1787":"../../assets/emot/big/1787.png","acfun,1788":"../../assets/emot/big/1788.gif","acfun,1789":"../../assets/emot/big/1789.gif","acfun,1790":"../../assets/emot/big/1790.gif","acfun,1791":"../../assets/emot/big/1791.gif","acfun,1792":"../../assets/emot/big/1792.gif","acfun,1793":"../../assets/emot/big/1793.gif","acfun,1794":"../../assets/emot/big/1794.gif","acfun,1795":"../../assets/emot/big/1795.gif","acfun,1796":"../../assets/emot/big/1796.gif","acfun,1797":"../../assets/emot/big/1797.gif","acfun,1798":"../../assets/emot/big/1798.gif","acfun,1799":"../../assets/emot/big/1799.gif","acfun,18":"../../assets/emot/big/18.gif","acfun,1800":"../../assets/emot/big/1800.gif","acfun,1801":"../../assets/emot/big/1801.gif","acfun,1802":"../../assets/emot/big/1802.gif","acfun,1803":"../../assets/emot/big/1803.gif","acfun,1804":"../../assets/emot/big/1804.gif","acfun,1805":"../../assets/emot/big/1805.gif","acfun,1806":"../../assets/emot/big/1806.gif","acfun,1807":"../../assets/emot/big/1807.gif","acfun,1808":"../../assets/emot/big/1808.gif","acfun,1809":"../../assets/emot/big/1809.gif","acfun,1810":"../../assets/emot/big/1810.gif","acfun,1811":"../../assets/emot/big/1811.gif","acfun,1812":"../../assets/emot/big/1812.gif","acfun,1813":"../../assets/emot/big/1813.gif","acfun,1814":"../../assets/emot/big/1814.gif","acfun,1815":"../../assets/emot/big/1815.gif","acfun,1816":"../../assets/emot/big/1816.gif","acfun,1817":"../../assets/emot/big/1817.gif","acfun,1818":"../../assets/emot/big/1818.gif","acfun,1819":"../../assets/emot/big/1819.gif","acfun,1820":"../../assets/emot/big/1820.gif","acfun,1821":"../../assets/emot/big/1821.gif","acfun,1822":"../../assets/emot/big/1822.gif","acfun,1823":"../../assets/emot/big/1823.gif","acfun,1824":"../../assets/emot/big/1824.gif","acfun,1825":"../../assets/emot/big/1825.gif","acfun,1826":"../../assets/emot/big/1826.gif","acfun,1827":"../../assets/emot/big/1827.gif","acfun,1828":"../../assets/emot/big/1828.gif","acfun,1829":"../../assets/emot/big/1829.gif","acfun,1830":"../../assets/emot/big/1830.gif","acfun,1831":"../../assets/emot/big/1831.gif","acfun,1832":"../../assets/emot/big/1832.gif","acfun,1833":"../../assets/emot/big/1833.gif","acfun,1834":"../../assets/emot/big/1834.gif","acfun,1835":"../../assets/emot/big/1835.gif","acfun,1836":"../../assets/emot/big/1836.gif","acfun,1837":"../../assets/emot/big/1837.gif","acfun,1838":"../../assets/emot/big/1838.gif","acfun,1839":"../../assets/emot/big/1839.gif","acfun,1840":"../../assets/emot/big/1840.gif","acfun,1841":"../../assets/emot/big/1841.gif","acfun,1842":"../../assets/emot/big/1842.gif","acfun,1843":"../../assets/emot/big/1843.gif","acfun,1844":"../../assets/emot/big/1844.gif","acfun,1845":"../../assets/emot/big/1845.gif","acfun,1846":"../../assets/emot/big/1846.gif","acfun,1847":"../../assets/emot/big/1847.gif","acfun,1848":"../../assets/emot/big/1848.gif","acfun,1849":"../../assets/emot/big/1849.gif","acfun,1850":"../../assets/emot/big/1850.gif","acfun,1851":"../../assets/emot/big/1851.gif","acfun,1852":"../../assets/emot/big/1852.gif","acfun,1853":"../../assets/emot/big/1853.gif","acfun,1854":"../../assets/emot/big/1854.png","acfun,1855":"../../assets/emot/big/1855.png","acfun,1856":"../../assets/emot/big/1856.png","acfun,1857":"../../assets/emot/big/1857.png","acfun,1858":"../../assets/emot/big/1858.png","acfun,1859":"../../assets/emot/big/1859.png","acfun,1860":"../../assets/emot/big/1860.png","acfun,1861":"../../assets/emot/big/1861.png","acfun,1862":"../../assets/emot/big/1862.png","acfun,1863":"../../assets/emot/big/1863.png","acfun,1864":"../../assets/emot/big/1864.png","acfun,1865":"../../assets/emot/big/1865.png","acfun,1866":"../../assets/emot/big/1866.png","acfun,1867":"../../assets/emot/big/1867.png","acfun,1868":"../../assets/emot/big/1868.png","acfun,1869":"../../assets/emot/big/1869.png","acfun,1870":"../../assets/emot/big/1870.png","acfun,1871":"../../assets/emot/big/1871.png","acfun,1872":"../../assets/emot/big/1872.png","acfun,1873":"../../assets/emot/big/1873.png","acfun,1874":"../../assets/emot/big/1874.png","acfun,1875":"../../assets/emot/big/1875.png","acfun,1876":"../../assets/emot/big/1876.png","acfun,1877":"../../assets/emot/big/1877.png","acfun,1878":"../../assets/emot/big/1878.png","acfun,1879":"../../assets/emot/big/1879.png","acfun,1880":"../../assets/emot/big/1880.png","acfun,1881":"../../assets/emot/big/1881.png","acfun,1882":"../../assets/emot/big/1882.png","acfun,1883":"../../assets/emot/big/1883.png","acfun,1884":"../../assets/emot/big/1884.png","acfun,1885":"../../assets/emot/big/1885.png","acfun,1886":"../../assets/emot/big/1886.png","acfun,1887":"../../assets/emot/big/1887.png","acfun,1889":"../../assets/emot/big/1889.png","acfun,1890":"../../assets/emot/big/1890.png","acfun,1891":"../../assets/emot/big/1891.png","acfun,1892":"../../assets/emot/big/1892.png","acfun,1893":"../../assets/emot/big/1893.png","acfun,1894":"../../assets/emot/big/1894.png","acfun,1895":"../../assets/emot/big/1895.png","acfun,1896":"../../assets/emot/big/1896.png","acfun,1897":"../../assets/emot/big/1897.png","acfun,1898":"../../assets/emot/big/1898.png","acfun,1899":"../../assets/emot/big/1899.png","acfun,19":"../../assets/emot/big/19.gif","acfun,1900":"../../assets/emot/big/1900.png","acfun,1901":"../../assets/emot/big/1901.png","acfun,1902":"../../assets/emot/big/1902.png","acfun,1903":"../../assets/emot/big/1903.png","acfun,1904":"../../assets/emot/big/1904.png","acfun,1905":"../../assets/emot/big/1905.png","acfun,1906":"../../assets/emot/big/1906.png","acfun,1907":"../../assets/emot/big/1907.png","acfun,1908":"../../assets/emot/big/1908.png","acfun,1909":"../../assets/emot/big/1909.gif","acfun,1910":"../../assets/emot/big/1910.gif","acfun,1911":"../../assets/emot/big/1911.gif","acfun,1912":"../../assets/emot/big/1912.gif","acfun,1913":"../../assets/emot/big/1913.gif","acfun,1914":"../../assets/emot/big/1914.png","acfun,1915":"../../assets/emot/big/1915.png","acfun,1916":"../../assets/emot/big/1916.png","acfun,1917":"../../assets/emot/big/1917.gif","acfun,1918":"../../assets/emot/big/1918.gif","acfun,1919":"../../assets/emot/big/1919.gif","acfun,1920":"../../assets/emot/big/1920.gif","acfun,1921":"../../assets/emot/big/1921.gif","acfun,1922":"../../assets/emot/big/1922.png","acfun,1923":"../../assets/emot/big/1923.png","acfun,1924":"../../assets/emot/big/1924.png","acfun,1925":"../../assets/emot/big/1925.gif","acfun,1926":"../../assets/emot/big/1926.gif","acfun,1927":"../../assets/emot/big/1927.gif","acfun,1928":"../../assets/emot/big/1928.png","acfun,1929":"../../assets/emot/big/1929.png","acfun,1930":"../../assets/emot/big/1930.png","acfun,1931":"../../assets/emot/big/1931.gif","acfun,1932":"../../assets/emot/big/1932.gif","acfun,1933":"../../assets/emot/big/1933.gif","acfun,1934":"../../assets/emot/big/1934.gif","acfun,1935":"../../assets/emot/big/1935.png","acfun,1936":"../../assets/emot/big/1936.png","acfun,1937":"../../assets/emot/big/1937.png","acfun,1938":"../../assets/emot/big/1938.png","acfun,1939":"../../assets/emot/big/1939.png","acfun,1940":"../../assets/emot/big/1940.gif","acfun,1941":"../../assets/emot/big/1941.png","acfun,1942":"../../assets/emot/big/1942.gif","acfun,1943":"../../assets/emot/big/1943.gif","acfun,1944":"../../assets/emot/big/1944.gif","acfun,1945":"../../assets/emot/big/1945.png","acfun,1946":"../../assets/emot/big/1946.png","acfun,1947":"../../assets/emot/big/1947.png","acfun,1948":"../../assets/emot/big/1948.png","acfun,1949":"../../assets/emot/big/1949.png","acfun,1950":"../../assets/emot/big/1950.png","acfun,1951":"../../assets/emot/big/1951.png","acfun,1952":"../../assets/emot/big/1952.png","acfun,1953":"../../assets/emot/big/1953.png","acfun,1954":"../../assets/emot/big/1954.png","acfun,1955":"../../assets/emot/big/1955.png","acfun,1956":"../../assets/emot/big/1956.png","acfun,1957":"../../assets/emot/big/1957.png","acfun,1958":"../../assets/emot/big/1958.png","acfun,1959":"../../assets/emot/big/1959.png","acfun,1960":"../../assets/emot/big/1960.png","acfun,1961":"../../assets/emot/big/1961.png","acfun,1962":"../../assets/emot/big/1962.png","acfun,1963":"../../assets/emot/big/1963.png","acfun,1964":"../../assets/emot/big/1964.png","acfun,1965":"../../assets/emot/big/1965.png","acfun,1966":"../../assets/emot/big/1966.png","acfun,1967":"../../assets/emot/big/1967.png","acfun,1968":"../../assets/emot/big/1968.png","acfun,1969":"../../assets/emot/big/1969.png","acfun,1970":"../../assets/emot/big/1970.png","acfun,1971":"../../assets/emot/big/1971.png","acfun,1972":"../../assets/emot/big/1972.png","acfun,1973":"../../assets/emot/big/1973.png","acfun,1974":"../../assets/emot/big/1974.png","acfun,1975":"../../assets/emot/big/1975.png","acfun,1976":"../../assets/emot/big/1976.png","acfun,1977":"../../assets/emot/big/1977.png","acfun,1978":"../../assets/emot/big/1978.png","acfun,1979":"../../assets/emot/big/1979.png","acfun,1980":"../../assets/emot/big/1980.png","acfun,1981":"../../assets/emot/big/1981.png","acfun,1982":"../../assets/emot/big/1982.png","acfun,1983":"../../assets/emot/big/1983.png","acfun,1984":"../../assets/emot/big/1984.png","acfun,1985":"../../assets/emot/big/1985.png","acfun,1986":"../../assets/emot/big/1986.png","acfun,1987":"../../assets/emot/big/1987.png","acfun,1988":"../../assets/emot/big/1988.png","acfun,1989":"../../assets/emot/big/1989.png","acfun,1990":"../../assets/emot/big/1990.png","acfun,1991":"../../assets/emot/big/1991.png","acfun,1992":"../../assets/emot/big/1992.png","acfun,1993":"../../assets/emot/big/1993.png","acfun,1994":"../../assets/emot/big/1994.png","acfun,1995":"../../assets/emot/big/1995.png","acfun,1996":"../../assets/emot/big/1996.png","acfun,1997":"../../assets/emot/big/1997.png","acfun,1998":"../../assets/emot/big/1998.png","acfun,2":"../../assets/emot/big/2.gif","acfun,20":"../../assets/emot/big/20.gif","acfun,2001":"../../assets/emot/big/2001.png","acfun,2002":"../../assets/emot/big/2002.png","acfun,2003":"../../assets/emot/big/2003.png","acfun,2004":"../../assets/emot/big/2004.png","acfun,2005":"../../assets/emot/big/2005.png","acfun,2006":"../../assets/emot/big/2006.png","acfun,2007":"../../assets/emot/big/2007.png","acfun,2008":"../../assets/emot/big/2008.png","acfun,2009":"../../assets/emot/big/2009.png","acfun,2010":"../../assets/emot/big/2010.png","acfun,2011":"../../assets/emot/big/2011.png","acfun,2012":"../../assets/emot/big/2012.png","acfun,2013":"../../assets/emot/big/2013.png","acfun,2014":"../../assets/emot/big/2014.png","acfun,2015":"../../assets/emot/big/2015.png","acfun,2016":"../../assets/emot/big/2016.png","acfun,2017":"../../assets/emot/big/2017.png","acfun,2018":"../../assets/emot/big/2018.png","acfun,2019":"../../assets/emot/big/2019.png","acfun,2020":"../../assets/emot/big/2020.png","acfun,2021":"../../assets/emot/big/2021.png","acfun,2022":"../../assets/emot/big/2022.png","acfun,2023":"../../assets/emot/big/2023.png","acfun,2024":"../../assets/emot/big/2024.png","acfun,2025":"../../assets/emot/big/2025.png","acfun,2026":"../../assets/emot/big/2026.png","acfun,2027":"../../assets/emot/big/2027.png","acfun,2028":"../../assets/emot/big/2028.png","acfun,2029":"../../assets/emot/big/2029.png","acfun,2030":"../../assets/emot/big/2030.png","acfun,2031":"../../assets/emot/big/2031.png","acfun,2032":"../../assets/emot/big/2032.png","acfun,2033":"../../assets/emot/big/2033.png","acfun,2034":"../../assets/emot/big/2034.png","acfun,2035":"../../assets/emot/big/2035.png","acfun,2036":"../../assets/emot/big/2036.png","acfun,2037":"../../assets/emot/big/2037.png","acfun,2038":"../../assets/emot/big/2038.png","acfun,2039":"../../assets/emot/big/2039.png","acfun,2040":"../../assets/emot/big/2040.png","acfun,2041":"../../assets/emot/big/2041.png","acfun,2042":"../../assets/emot/big/2042.png","acfun,2043":"../../assets/emot/big/2043.png","acfun,2044":"../../assets/emot/big/2044.png","acfun,2045":"../../assets/emot/big/2045.png","acfun,2046":"../../assets/emot/big/2046.png","acfun,2047":"../../assets/emot/big/2047.png","acfun,2048":"../../assets/emot/big/2048.png","acfun,2049":"../../assets/emot/big/2049.png","acfun,2050":"../../assets/emot/big/2050.png","acfun,2051":"../../assets/emot/big/2051.png","acfun,2052":"../../assets/emot/big/2052.png","acfun,2053":"../../assets/emot/big/2053.png","acfun,2054":"../../assets/emot/big/2054.png","acfun,2055":"../../assets/emot/big/2055.png","acfun,2056":"../../assets/emot/big/2056.png","acfun,2057":"../../assets/emot/big/2057.png","acfun,2058":"../../assets/emot/big/2058.png","acfun,2059":"../../assets/emot/big/2059.png","acfun,2060":"../../assets/emot/big/2060.png","acfun,2061":"../../assets/emot/big/2061.png","acfun,2062":"../../assets/emot/big/2062.png","acfun,2063":"../../assets/emot/big/2063.png","acfun,2064":"../../assets/emot/big/2064.png","acfun,2065":"../../assets/emot/big/2065.png","acfun,2066":"../../assets/emot/big/2066.png","acfun,2067":"../../assets/emot/big/2067.png","acfun,2068":"../../assets/emot/big/2068.png","acfun,2069":"../../assets/emot/big/2069.png","acfun,2070":"../../assets/emot/big/2070.png","acfun,2071":"../../assets/emot/big/2071.png","acfun,2072":"../../assets/emot/big/2072.png","acfun,2073":"../../assets/emot/big/2073.png","acfun,2074":"../../assets/emot/big/2074.png","acfun,2075":"../../assets/emot/big/2075.png","acfun,2076":"../../assets/emot/big/2076.png","acfun,2077":"../../assets/emot/big/2077.png","acfun,2078":"../../assets/emot/big/2078.png","acfun,2079":"../../assets/emot/big/2079.png","acfun,2080":"../../assets/emot/big/2080.png","acfun,2081":"../../assets/emot/big/2081.png","acfun,2082":"../../assets/emot/big/2082.png","acfun,2083":"../../assets/emot/big/2083.png","acfun,2084":"../../assets/emot/big/2084.png","acfun,2085":"../../assets/emot/big/2085.png","acfun,2086":"../../assets/emot/big/2086.png","acfun,2087":"../../assets/emot/big/2087.png","acfun,2088":"../../assets/emot/big/2088.png","acfun,2089":"../../assets/emot/big/2089.png","acfun,2090":"../../assets/emot/big/2090.png","acfun,2091":"../../assets/emot/big/2091.png","acfun,2092":"../../assets/emot/big/2092.png","acfun,2093":"../../assets/emot/big/2093.png","acfun,2094":"../../assets/emot/big/2094.png","acfun,2095":"../../assets/emot/big/2095.png","acfun,2096":"../../assets/emot/big/2096.png","acfun,2097":"../../assets/emot/big/2097.png","acfun,2098":"../../assets/emot/big/2098.png","acfun,2099":"../../assets/emot/big/2099.png","acfun,21":"../../assets/emot/big/21.gif","acfun,2100":"../../assets/emot/big/2100.png","acfun,2101":"../../assets/emot/big/2101.png","acfun,2102":"../../assets/emot/big/2102.png","acfun,2103":"../../assets/emot/big/2103.png","acfun,2104":"../../assets/emot/big/2104.png","acfun,2105":"../../assets/emot/big/2105.png","acfun,2106":"../../assets/emot/big/2106.png","acfun,2107":"../../assets/emot/big/2107.png","acfun,2108":"../../assets/emot/big/2108.png","acfun,2109":"../../assets/emot/big/2109.png","acfun,2110":"../../assets/emot/big/2110.png","acfun,2112":"../../assets/emot/big/2112.png","acfun,2113":"../../assets/emot/big/2113.png","acfun,2114":"../../assets/emot/big/2114.png","acfun,2115":"../../assets/emot/big/2115.png","acfun,2116":"../../assets/emot/big/2116.png","acfun,2117":"../../assets/emot/big/2117.png","acfun,2118":"../../assets/emot/big/2118.png","acfun,2119":"../../assets/emot/big/2119.png","acfun,2120":"../../assets/emot/big/2120.png","acfun,2121":"../../assets/emot/big/2121.png","acfun,2122":"../../assets/emot/big/2122.png","acfun,2123":"../../assets/emot/big/2123.png","acfun,2124":"../../assets/emot/big/2124.png","acfun,2125":"../../assets/emot/big/2125.png","acfun,2126":"../../assets/emot/big/2126.png","acfun,2127":"../../assets/emot/big/2127.png","acfun,2128":"../../assets/emot/big/2128.png","acfun,2129":"../../assets/emot/big/2129.png","acfun,2130":"../../assets/emot/big/2130.png","acfun,2131":"../../assets/emot/big/2131.png","acfun,2132":"../../assets/emot/big/2132.png","acfun,2133":"../../assets/emot/big/2133.png","acfun,2134":"../../assets/emot/big/2134.png","acfun,2135":"../../assets/emot/big/2135.png","acfun,2136":"../../assets/emot/big/2136.png","acfun,2137":"../../assets/emot/big/2137.png","acfun,2138":"../../assets/emot/big/2138.png","acfun,2139":"../../assets/emot/big/2139.png","acfun,2140":"../../assets/emot/big/2140.png","acfun,2141":"../../assets/emot/big/2141.png","acfun,2142":"../../assets/emot/big/2142.png","acfun,2143":"../../assets/emot/big/2143.png","acfun,2144":"../../assets/emot/big/2144.png","acfun,2145":"../../assets/emot/big/2145.png","acfun,2146":"../../assets/emot/big/2146.png","acfun,2147":"../../assets/emot/big/2147.png","acfun,2148":"../../assets/emot/big/2148.png","acfun,2149":"../../assets/emot/big/2149.png","acfun,2150":"../../assets/emot/big/2150.png","acfun,2151":"../../assets/emot/big/2151.png","acfun,2152":"../../assets/emot/big/2152.png","acfun,2153":"../../assets/emot/big/2153.png","acfun,2154":"../../assets/emot/big/2154.png","acfun,2155":"../../assets/emot/big/2155.png","acfun,2156":"../../assets/emot/big/2156.png","acfun,2157":"../../assets/emot/big/2157.png","acfun,2158":"../../assets/emot/big/2158.png","acfun,2159":"../../assets/emot/big/2159.png","acfun,2160":"../../assets/emot/big/2160.png","acfun,2161":"../../assets/emot/big/2161.png","acfun,2162":"../../assets/emot/big/2162.png","acfun,2163":"../../assets/emot/big/2163.png","acfun,2164":"../../assets/emot/big/2164.png","acfun,2165":"../../assets/emot/big/2165.png","acfun,2166":"../../assets/emot/big/2166.png","acfun,2167":"../../assets/emot/big/2167.png","acfun,2168":"../../assets/emot/big/2168.png","acfun,2169":"../../assets/emot/big/2169.png","acfun,2170":"../../assets/emot/big/2170.png","acfun,2171":"../../assets/emot/big/2171.png","acfun,2172":"../../assets/emot/big/2172.png","acfun,2173":"../../assets/emot/big/2173.png","acfun,2174":"../../assets/emot/big/2174.png","acfun,2175":"../../assets/emot/big/2175.png","acfun,2176":"../../assets/emot/big/2176.png","acfun,2177":"../../assets/emot/big/2177.png","acfun,2178":"../../assets/emot/big/2178.png","acfun,2179":"../../assets/emot/big/2179.png","acfun,2180":"../../assets/emot/big/2180.png","acfun,2181":"../../assets/emot/big/2181.png","acfun,2182":"../../assets/emot/big/2182.png","acfun,2183":"../../assets/emot/big/2183.png","acfun,2184":"../../assets/emot/big/2184.png","acfun,2185":"../../assets/emot/big/2185.png","acfun,2186":"../../assets/emot/big/2186.png","acfun,2187":"../../assets/emot/big/2187.png","acfun,2188":"../../assets/emot/big/2188.png","acfun,2189":"../../assets/emot/big/2189.png","acfun,2190":"../../assets/emot/big/2190.png","acfun,2191":"../../assets/emot/big/2191.png","acfun,2192":"../../assets/emot/big/2192.png","acfun,2193":"../../assets/emot/big/2193.png","acfun,2194":"../../assets/emot/big/2194.png","acfun,2195":"../../assets/emot/big/2195.png","acfun,2196":"../../assets/emot/big/2196.png","acfun,2197":"../../assets/emot/big/2197.png","acfun,2198":"../../assets/emot/big/2198.png","acfun,2199":"../../assets/emot/big/2199.png","acfun,22":"../../assets/emot/big/22.gif","acfun,2200":"../../assets/emot/big/2200.png","acfun,2201":"../../assets/emot/big/2201.png","acfun,2202":"../../assets/emot/big/2202.png","acfun,2203":"../../assets/emot/big/2203.png","acfun,2204":"../../assets/emot/big/2204.png","acfun,2205":"../../assets/emot/big/2205.png","acfun,2206":"../../assets/emot/big/2206.png","acfun,2207":"../../assets/emot/big/2207.png","acfun,2208":"../../assets/emot/big/2208.png","acfun,2209":"../../assets/emot/big/2209.png","acfun,2210":"../../assets/emot/big/2210.png","acfun,2211":"../../assets/emot/big/2211.png","acfun,2212":"../../assets/emot/big/2212.png","acfun,2213":"../../assets/emot/big/2213.png","acfun,2214":"../../assets/emot/big/2214.png","acfun,2215":"../../assets/emot/big/2215.png","acfun,2216":"../../assets/emot/big/2216.png","acfun,2217":"../../assets/emot/big/2217.png","acfun,2218":"../../assets/emot/big/2218.png","acfun,2219":"../../assets/emot/big/2219.png","acfun,2220":"../../assets/emot/big/2220.png","acfun,2221":"../../assets/emot/big/2221.png","acfun,2223":"../../assets/emot/big/2223.png","acfun,2224":"../../assets/emot/big/2224.png","acfun,2225":"../../assets/emot/big/2225.png","acfun,2226":"../../assets/emot/big/2226.png","acfun,2227":"../../assets/emot/big/2227.png","acfun,2228":"../../assets/emot/big/2228.png","acfun,2229":"../../assets/emot/big/2229.png","acfun,2230":"../../assets/emot/big/2230.png","acfun,2231":"../../assets/emot/big/2231.png","acfun,2232":"../../assets/emot/big/2232.png","acfun,2233":"../../assets/emot/big/2233.png","acfun,2234":"../../assets/emot/big/2234.png","acfun,2235":"../../assets/emot/big/2235.png","acfun,2236":"../../assets/emot/big/2236.png","acfun,2237":"../../assets/emot/big/2237.png","acfun,2238":"../../assets/emot/big/2238.png","acfun,2239":"../../assets/emot/big/2239.png","acfun,2240":"../../assets/emot/big/2240.gif","acfun,2241":"../../assets/emot/big/2241.gif","acfun,2242":"../../assets/emot/big/2242.gif","acfun,2243":"../../assets/emot/big/2243.png","acfun,2244":"../../assets/emot/big/2244.png","acfun,2245":"../../assets/emot/big/2245.png","acfun,2246":"../../assets/emot/big/2246.png","acfun,2247":"../../assets/emot/big/2247.png","acfun,2248":"../../assets/emot/big/2248.png","acfun,2249":"../../assets/emot/big/2249.png","acfun,2250":"../../assets/emot/big/2250.png","acfun,2251":"../../assets/emot/big/2251.png","acfun,2252":"../../assets/emot/big/2252.png","acfun,2253":"../../assets/emot/big/2253.png","acfun,2254":"../../assets/emot/big/2254.png","acfun,2255":"../../assets/emot/big/2255.png","acfun,2256":"../../assets/emot/big/2256.png","acfun,2257":"../../assets/emot/big/2257.png","acfun,2258":"../../assets/emot/big/2258.png","acfun,2259":"../../assets/emot/big/2259.png","acfun,2260":"../../assets/emot/big/2260.png","acfun,2261":"../../assets/emot/big/2261.png","acfun,2262":"../../assets/emot/big/2262.png","acfun,2263":"../../assets/emot/big/2263.png","acfun,2264":"../../assets/emot/big/2264.png","acfun,2265":"../../assets/emot/big/2265.png","acfun,2266":"../../assets/emot/big/2266.png","acfun,2267":"../../assets/emot/big/2267.png","acfun,2268":"../../assets/emot/big/2268.png","acfun,2269":"../../assets/emot/big/2269.png","acfun,2270":"../../assets/emot/big/2270.png","acfun,2271":"../../assets/emot/big/2271.png","acfun,2272":"../../assets/emot/big/2272.png","acfun,2273":"../../assets/emot/big/2273.png","acfun,2274":"../../assets/emot/big/2274.png","acfun,2275":"../../assets/emot/big/2275.png","acfun,2276":"../../assets/emot/big/2276.png","acfun,2277":"../../assets/emot/big/2277.png","acfun,2278":"../../assets/emot/big/2278.png","acfun,2279":"../../assets/emot/big/2279.png","acfun,2280":"../../assets/emot/big/2280.png","acfun,2281":"../../assets/emot/big/2281.png","acfun,2282":"../../assets/emot/big/2282.png","acfun,2283":"../../assets/emot/big/2283.png","acfun,2284":"../../assets/emot/big/2284.png","acfun,2285":"../../assets/emot/big/2285.png","acfun,2286":"../../assets/emot/big/2286.png","acfun,2287":"../../assets/emot/big/2287.png","acfun,2288":"../../assets/emot/big/2288.png","acfun,2289":"../../assets/emot/big/2289.png","acfun,2290":"../../assets/emot/big/2290.png","acfun,2291":"../../assets/emot/big/2291.png","acfun,2292":"../../assets/emot/big/2292.png","acfun,2293":"../../assets/emot/big/2293.png","acfun,2294":"../../assets/emot/big/2294.png","acfun,2295":"../../assets/emot/big/2295.png","acfun,2296":"../../assets/emot/big/2296.png","acfun,2297":"../../assets/emot/big/2297.png","acfun,2298":"../../assets/emot/big/2298.png","acfun,2299":"../../assets/emot/big/2299.png","acfun,23":"../../assets/emot/big/23.gif","acfun,2300":"../../assets/emot/big/2300.png","acfun,2301":"../../assets/emot/big/2301.png","acfun,2302":"../../assets/emot/big/2302.png","acfun,2303":"../../assets/emot/big/2303.png","acfun,2304":"../../assets/emot/big/2304.png","acfun,2305":"../../assets/emot/big/2305.png","acfun,2306":"../../assets/emot/big/2306.png","acfun,2307":"../../assets/emot/big/2307.png","acfun,2308":"../../assets/emot/big/2308.png","acfun,2309":"../../assets/emot/big/2309.png","acfun,2310":"../../assets/emot/big/2310.png","acfun,2311":"../../assets/emot/big/2311.png","acfun,2312":"../../assets/emot/big/2312.png","acfun,2313":"../../assets/emot/big/2313.png","acfun,2314":"../../assets/emot/big/2314.png","acfun,2315":"../../assets/emot/big/2315.png","acfun,2316":"../../assets/emot/big/2316.png","acfun,2317":"../../assets/emot/big/2317.png","acfun,2318":"../../assets/emot/big/2318.png","acfun,2319":"../../assets/emot/big/2319.png","acfun,2320":"../../assets/emot/big/2320.png","acfun,2321":"../../assets/emot/big/2321.png","acfun,2322":"../../assets/emot/big/2322.png","acfun,2323":"../../assets/emot/big/2323.gif","acfun,2324":"../../assets/emot/big/2324.gif","acfun,2325":"../../assets/emot/big/2325.gif","acfun,2326":"../../assets/emot/big/2326.gif","acfun,2327":"../../assets/emot/big/2327.gif","acfun,2328":"../../assets/emot/big/2328.gif","acfun,2329":"../../assets/emot/big/2329.gif","acfun,2330":"../../assets/emot/big/2330.gif","acfun,2331":"../../assets/emot/big/2331.gif","acfun,2332":"../../assets/emot/big/2332.gif","acfun,2334":"../../assets/emot/big/2334.gif","acfun,2335":"../../assets/emot/big/2335.gif","acfun,2336":"../../assets/emot/big/2336.gif","acfun,2337":"../../assets/emot/big/2337.gif","acfun,2338":"../../assets/emot/big/2338.gif","acfun,2339":"../../assets/emot/big/2339.gif","acfun,2340":"../../assets/emot/big/2340.gif","acfun,2341":"../../assets/emot/big/2341.gif","acfun,2342":"../../assets/emot/big/2342.gif","acfun,2343":"../../assets/emot/big/2343.gif","acfun,2344":"../../assets/emot/big/2344.gif","acfun,2345":"../../assets/emot/big/2345.gif","acfun,2346":"../../assets/emot/big/2346.gif","acfun,2347":"../../assets/emot/big/2347.gif","acfun,2348":"../../assets/emot/big/2348.gif","acfun,2349":"../../assets/emot/big/2349.gif","acfun,2350":"../../assets/emot/big/2350.gif","acfun,2351":"../../assets/emot/big/2351.gif","acfun,2352":"../../assets/emot/big/2352.gif","acfun,2353":"../../assets/emot/big/2353.gif","acfun,2354":"../../assets/emot/big/2354.gif","acfun,2355":"../../assets/emot/big/2355.gif","acfun,2356":"../../assets/emot/big/2356.gif","acfun,2357":"../../assets/emot/big/2357.gif","acfun,2358":"../../assets/emot/big/2358.png","acfun,2359":"../../assets/emot/big/2359.gif","acfun,2360":"../../assets/emot/big/2360.gif","acfun,2361":"../../assets/emot/big/2361.gif","acfun,2362":"../../assets/emot/big/2362.gif","acfun,2363":"../../assets/emot/big/2363.png","acfun,2364":"../../assets/emot/big/2364.gif","acfun,2365":"../../assets/emot/big/2365.gif","acfun,2366":"../../assets/emot/big/2366.gif","acfun,2367":"../../assets/emot/big/2367.gif","acfun,2368":"../../assets/emot/big/2368.gif","acfun,2369":"../../assets/emot/big/2369.gif","acfun,2370":"../../assets/emot/big/2370.gif","acfun,2371":"../../assets/emot/big/2371.gif","acfun,2372":"../../assets/emot/big/2372.gif","acfun,2373":"../../assets/emot/big/2373.gif","acfun,2374":"../../assets/emot/big/2374.gif","acfun,2375":"../../assets/emot/big/2375.gif","acfun,2376":"../../assets/emot/big/2376.gif","acfun,2377":"../../assets/emot/big/2377.gif","acfun,2378":"../../assets/emot/big/2378.png","acfun,2379":"../../assets/emot/big/2379.png","acfun,2380":"../../assets/emot/big/2380.png","acfun,2381":"../../assets/emot/big/2381.png","acfun,2382":"../../assets/emot/big/2382.png","acfun,2383":"../../assets/emot/big/2383.png","acfun,2384":"../../assets/emot/big/2384.png","acfun,2385":"../../assets/emot/big/2385.png","acfun,2386":"../../assets/emot/big/2386.png","acfun,2387":"../../assets/emot/big/2387.png","acfun,2388":"../../assets/emot/big/2388.png","acfun,2389":"../../assets/emot/big/2389.png","acfun,2390":"../../assets/emot/big/2390.gif","acfun,2391":"../../assets/emot/big/2391.png","acfun,2392":"../../assets/emot/big/2392.png","acfun,2393":"../../assets/emot/big/2393.png","acfun,2394":"../../assets/emot/big/2394.png","acfun,2395":"../../assets/emot/big/2395.png","acfun,2396":"../../assets/emot/big/2396.png","acfun,2397":"../../assets/emot/big/2397.png","acfun,2398":"../../assets/emot/big/2398.png","acfun,2399":"../../assets/emot/big/2399.png","acfun,24":"../../assets/emot/big/24.gif","acfun,2400":"../../assets/emot/big/2400.png","acfun,2401":"../../assets/emot/big/2401.png","acfun,2402":"../../assets/emot/big/2402.png","acfun,2403":"../../assets/emot/big/2403.png","acfun,2404":"../../assets/emot/big/2404.png","acfun,2405":"../../assets/emot/big/2405.png","acfun,2406":"../../assets/emot/big/2406.png","acfun,2407":"../../assets/emot/big/2407.png","acfun,2408":"../../assets/emot/big/2408.png","acfun,2409":"../../assets/emot/big/2409.png","acfun,2410":"../../assets/emot/big/2410.png","acfun,2411":"../../assets/emot/big/2411.png","acfun,2412":"../../assets/emot/big/2412.png","acfun,2415":"../../assets/emot/big/2415.png","acfun,2416":"../../assets/emot/big/2416.png","acfun,2417":"../../assets/emot/big/2417.png","acfun,2418":"../../assets/emot/big/2418.png","acfun,2419":"../../assets/emot/big/2419.png","acfun,2420":"../../assets/emot/big/2420.png","acfun,2421":"../../assets/emot/big/2421.png","acfun,2422":"../../assets/emot/big/2422.png","acfun,2423":"../../assets/emot/big/2423.png","acfun,2424":"../../assets/emot/big/2424.png","acfun,2425":"../../assets/emot/big/2425.png","acfun,2426":"../../assets/emot/big/2426.png","acfun,2427":"../../assets/emot/big/2427.png","acfun,2428":"../../assets/emot/big/2428.png","acfun,2429":"../../assets/emot/big/2429.png","acfun,2430":"../../assets/emot/big/2430.png","acfun,2431":"../../assets/emot/big/2431.png","acfun,2432":"../../assets/emot/big/2432.png","acfun,2433":"../../assets/emot/big/2433.png","acfun,2434":"../../assets/emot/big/2434.png","acfun,2435":"../../assets/emot/big/2435.png","acfun,2436":"../../assets/emot/big/2436.png","acfun,2437":"../../assets/emot/big/2437.png","acfun,2438":"../../assets/emot/big/2438.png","acfun,2439":"../../assets/emot/big/2439.png","acfun,2440":"../../assets/emot/big/2440.png","acfun,2441":"../../assets/emot/big/2441.png","acfun,2442":"../../assets/emot/big/2442.png","acfun,2443":"../../assets/emot/big/2443.png","acfun,2445":"../../assets/emot/big/2445.png","acfun,25":"../../assets/emot/big/25.gif","acfun,26":"../../assets/emot/big/26.gif","acfun,27":"../../assets/emot/big/27.gif","acfun,28":"../../assets/emot/big/28.gif","acfun,29":"../../assets/emot/big/29.gif","acfun,3":"../../assets/emot/big/3.gif","acfun,30":"../../assets/emot/big/30.gif","acfun,31":"../../assets/emot/big/31.gif","acfun,32":"../../assets/emot/big/32.gif","acfun,33":"../../assets/emot/big/33.gif","acfun,34":"../../assets/emot/big/34.gif","acfun,35":"../../assets/emot/big/35.gif","acfun,36":"../../assets/emot/big/36.gif","acfun,37":"../../assets/emot/big/37.gif","acfun,38":"../../assets/emot/big/38.gif","acfun,39":"../../assets/emot/big/39.gif","acfun,4":"../../assets/emot/big/4.gif","acfun,40":"../../assets/emot/big/40.gif","acfun,41":"../../assets/emot/big/41.gif","acfun,42":"../../assets/emot/big/42.gif","acfun,43":"../../assets/emot/big/43.gif","acfun,44":"../../assets/emot/big/44.gif","acfun,45":"../../assets/emot/big/45.gif","acfun,46":"../../assets/emot/big/46.gif","acfun,47":"../../assets/emot/big/47.gif","acfun,48":"../../assets/emot/big/48.gif","acfun,49":"../../assets/emot/big/49.gif","acfun,5":"../../assets/emot/big/5.gif","acfun,50":"../../assets/emot/big/50.gif","acfun,51":"../../assets/emot/big/51.gif","acfun,52":"../../assets/emot/big/52.gif","acfun,53":"../../assets/emot/big/53.gif","acfun,54":"../../assets/emot/big/54.gif","acfun,55":"../../assets/emot/big/55.gif","acfun,6":"../../assets/emot/big/6.gif","acfun,7":"../../assets/emot/big/7.gif","acfun,8":"../../assets/emot/big/8.gif","acfun,9":"../../assets/emot/big/9.gif","blizzard,01":"../../assets/emot/blizzard/01.gif","blizzard,02":"../../assets/emot/blizzard/02.gif","blizzard,03":"../../assets/emot/blizzard/03.gif","blizzard,04":"../../assets/emot/blizzard/04.gif","blizzard,05":"../../assets/emot/blizzard/05.gif","blizzard,06":"../../assets/emot/blizzard/06.gif","blizzard,07":"../../assets/emot/blizzard/07.gif","blizzard,08":"../../assets/emot/blizzard/08.gif","blizzard,09":"../../assets/emot/blizzard/09.gif","blizzard,10":"../../assets/emot/blizzard/10.gif","blizzard,11":"../../assets/emot/blizzard/11.gif","blizzard,12":"../../assets/emot/blizzard/12.gif","blizzard,13":"../../assets/emot/blizzard/13.gif","blizzard,14":"../../assets/emot/blizzard/14.gif","blizzard,15":"../../assets/emot/blizzard/15.gif","blizzard,16":"../../assets/emot/blizzard/16.gif","blizzard,17":"../../assets/emot/blizzard/17.gif","blizzard,18":"../../assets/emot/blizzard/18.gif","blizzard,19":"../../assets/emot/blizzard/19.gif","blizzard,20":"../../assets/emot/blizzard/20.gif","blizzard,21":"../../assets/emot/blizzard/21.gif","brd,01":"../../assets/emot/brd/01.gif","brd,02":"../../assets/emot/brd/02.gif","brd,03":"../../assets/emot/brd/03.gif","brd,04":"../../assets/emot/brd/04.gif","brd,05":"../../assets/emot/brd/05.gif","brd,06":"../../assets/emot/brd/06.gif","brd,07":"../../assets/emot/brd/07.gif","brd,09":"../../assets/emot/brd/09.gif","brd,10":"../../assets/emot/brd/10.gif","brd,11":"../../assets/emot/brd/11.gif","brd,12":"../../assets/emot/brd/12.gif","brd,13":"../../assets/emot/brd/13.gif","brd,14":"../../assets/emot/brd/14.gif","brd,15":"../../assets/emot/brd/15.gif","brd,16":"../../assets/emot/brd/16.gif","brd,17":"../../assets/emot/brd/17.gif","brd,18":"../../assets/emot/brd/18.gif","brd,19":"../../assets/emot/brd/19.gif","brd,20":"../../assets/emot/brd/20.gif","brd,21":"../../assets/emot/brd/21.gif","brd,22":"../../assets/emot/brd/22.gif","brd,23":"../../assets/emot/brd/23.gif","brd,24":"../../assets/emot/brd/24.gif","brd,26":"../../assets/emot/brd/26.gif","brd,27":"../../assets/emot/brd/27.gif","brd,28":"../../assets/emot/brd/28.gif","brd,29":"../../assets/emot/brd/29.gif","brd,30":"../../assets/emot/brd/30.gif","brd,31":"../../assets/emot/brd/31.gif","brd,32":"../../assets/emot/brd/32.gif","brd,33":"../../assets/emot/brd/33.gif","brd,34":"../../assets/emot/brd/34.gif","brd,35":"../../assets/emot/brd/35.gif","brd,36":"../../assets/emot/brd/36.gif","brd,37":"../../assets/emot/brd/37.gif","brd,38":"../../assets/emot/brd/38.gif","brd,39":"../../assets/emot/brd/39.gif","brd,40":"../../assets/emot/brd/40.gif","default,01":"../../assets/emot/default/01.gif","default,02":"../../assets/emot/default/02.gif","default,03":"../../assets/emot/default/03.gif","default,04":"../../assets/emot/default/04.gif","default,05":"../../assets/emot/default/05.gif","default,06":"../../assets/emot/default/06.gif","default,07":"../../assets/emot/default/07.gif","default,08":"../../assets/emot/default/08.gif","default,09":"../../assets/emot/default/09.gif","default,1":"../../assets/emot/default/1.gif","default,10":"../../assets/emot/default/10.gif","default,11":"../../assets/emot/default/11.gif","default,12":"../../assets/emot/default/12.gif","default,13":"../../assets/emot/default/13.gif","default,14":"../../assets/emot/default/14.gif","default,15":"../../assets/emot/default/15.gif","default,16":"../../assets/emot/default/16.gif","default,17":"../../assets/emot/default/17.gif","default,18":"../../assets/emot/default/18.gif","default,19":"../../assets/emot/default/19.gif","default,2":"../../assets/emot/default/2.gif","default,20":"../../assets/emot/default/20.gif","default,21":"../../assets/emot/default/21.gif","default,22":"../../assets/emot/default/22.gif","default,23":"../../assets/emot/default/23.gif","default,24":"../../assets/emot/default/24.gif","default,25":"../../assets/emot/default/25.gif","default,26":"../../assets/emot/default/26.gif","default,27":"../../assets/emot/default/27.gif","default,28":"../../assets/emot/default/28.gif","default,29":"../../assets/emot/default/29.gif","default,3":"../../assets/emot/default/3.gif","default,30":"../../assets/emot/default/30.gif","default,31":"../../assets/emot/default/31.gif","default,32":"../../assets/emot/default/32.gif","default,33":"../../assets/emot/default/33.gif","default,34":"../../assets/emot/default/34.gif","default,35":"../../assets/emot/default/35.gif","default,36":"../../assets/emot/default/36.gif","default,37":"../../assets/emot/default/37.gif","default,38":"../../assets/emot/default/38.gif","default,39":"../../assets/emot/default/39.gif","default,4":"../../assets/emot/default/4.gif","default,40":"../../assets/emot/default/40.gif","default,41":"../../assets/emot/default/41.gif","default,42":"../../assets/emot/default/42.gif","default,43":"../../assets/emot/default/43.gif","default,44":"../../assets/emot/default/44.gif","default,45":"../../assets/emot/default/45.gif","default,46":"../../assets/emot/default/46.gif","default,47":"../../assets/emot/default/47.gif","default,48":"../../assets/emot/default/48.gif","default,49":"../../assets/emot/default/49.gif","default,5":"../../assets/emot/default/5.gif","default,50":"../../assets/emot/default/50.gif","default,6":"../../assets/emot/default/6.gif","default,7":"../../assets/emot/default/7.gif","default,8":"../../assets/emot/default/8.gif","default,9":"../../assets/emot/default/9.gif","dog,01":"../../assets/emot/dog/01.gif","dog,02":"../../assets/emot/dog/02.gif","dog,03":"../../assets/emot/dog/03.gif","dog,04":"../../assets/emot/dog/04.gif","dog,05":"../../assets/emot/dog/05.gif","dog,06":"../../assets/emot/dog/06.gif","dog,07":"../../assets/emot/dog/07.gif","dog,08":"../../assets/emot/dog/08.gif","dog,09":"../../assets/emot/dog/09.gif","dog,10":"../../assets/emot/dog/10.gif","dog,11":"../../assets/emot/dog/11.gif","dog,12":"../../assets/emot/dog/12.gif","dog,13":"../../assets/emot/dog/13.gif","dog,14":"../../assets/emot/dog/14.gif","dog,15":"../../assets/emot/dog/15.gif","dog,16":"../../assets/emot/dog/16.gif","td,01":"../../assets/emot/td/01.gif","td,03":"../../assets/emot/td/03.gif","td,04":"../../assets/emot/td/04.gif","td,05":"../../assets/emot/td/05.gif","td,06":"../../assets/emot/td/06.gif","td,08":"../../assets/emot/td/08.gif","td,09":"../../assets/emot/td/09.gif","td,10":"../../assets/emot/td/10.gif","td,11":"../../assets/emot/td/11.gif","td,12":"../../assets/emot/td/12.gif","td,14":"../../assets/emot/td/14.gif","td,15":"../../assets/emot/td/15.gif","td,16":"../../assets/emot/td/16.gif","td,17":"../../assets/emot/td/17.gif","td,18":"../../assets/emot/td/18.gif","td,19":"../../assets/emot/td/19.gif","td,20":"../../assets/emot/td/20.gif","td,21":"../../assets/emot/td/21.gif","td,22":"../../assets/emot/td/22.gif","td,23":"../../assets/emot/td/23.gif","td,24":"../../assets/emot/td/24.gif","td,25":"../../assets/emot/td/25.gif","td,27":"../../assets/emot/td/27.gif","td,28":"../../assets/emot/td/28.gif","td,30":"../../assets/emot/td/30.gif","td,31":"../../assets/emot/td/31.gif","td,32":"../../assets/emot/td/32.gif","td,33":"../../assets/emot/td/33.gif","td,34":"../../assets/emot/td/34.gif","td,35":"../../assets/emot/td/35.gif","td,36":"../../assets/emot/td/36.gif","td,37":"../../assets/emot/td/37.gif","td,38":"../../assets/emot/td/38.gif","td,39":"../../assets/emot/td/39.gif","td,40":"../../assets/emot/td/40.gif","tsj,01":"../../assets/emot/tsj/01.gif","tsj,02":"../../assets/emot/tsj/02.gif","tsj,03":"../../assets/emot/tsj/03.gif","tsj,04":"../../assets/emot/tsj/04.gif","tsj,05":"../../assets/emot/tsj/05.gif","tsj,06":"../../assets/emot/tsj/06.gif","tsj,07":"../../assets/emot/tsj/07.gif","tsj,08":"../../assets/emot/tsj/08.gif","tsj,09":"../../assets/emot/tsj/09.gif","tsj,10":"../../assets/emot/tsj/10.gif","tsj,11":"../../assets/emot/tsj/11.gif","tsj,12":"../../assets/emot/tsj/12.gif","tsj,13":"../../assets/emot/tsj/13.gif","tsj,14":"../../assets/emot/tsj/14.gif","tsj,15":"../../assets/emot/tsj/15.gif","tsj,16":"../../assets/emot/tsj/16.gif","tsj,17":"../../assets/emot/tsj/17.gif","tsj,18":"../../assets/emot/tsj/18.gif","tsj,19":"../../assets/emot/tsj/19.gif","tsj,20":"../../assets/emot/tsj/20.gif","tsj,21":"../../assets/emot/tsj/21.gif","tsj,22":"../../assets/emot/tsj/22.gif","tsj,23":"../../assets/emot/tsj/23.gif","tsj,24":"../../assets/emot/tsj/24.gif","tsj,25":"../../assets/emot/tsj/25.gif","tsj,26":"../../assets/emot/tsj/26.gif","tsj,27":"../../assets/emot/tsj/27.gif","tsj,28":"../../assets/emot/tsj/28.gif","tsj,29":"../../assets/emot/tsj/29.gif","tsj,30":"../../assets/emot/tsj/30.gif","tsj,31":"../../assets/emot/tsj/31.gif","tsj,32":"../../assets/emot/tsj/32.gif","tsj,33":"../../assets/emot/tsj/33.gif","tsj,34":"../../assets/emot/tsj/34.gif","tsj,35":"../../assets/emot/tsj/35.gif","tsj,36":"../../assets/emot/tsj/36.gif","tsj,37":"../../assets/emot/tsj/37.gif","tsj,38":"../../assets/emot/tsj/38.gif","tsj,39":"../../assets/emot/tsj/39.gif","tsj,40":"../../assets/emot/tsj/40.gif","zuohe,01":"../../assets/emot/zuohe/01.gif","zuohe,02":"../../assets/emot/zuohe/02.gif","zuohe,03":"../../assets/emot/zuohe/03.gif","zuohe,04":"../../assets/emot/zuohe/04.gif","zuohe,05":"../../assets/emot/zuohe/05.gif","zuohe,06":"../../assets/emot/zuohe/06.gif","zuohe,07":"../../assets/emot/zuohe/07.gif","zuohe,08":"../../assets/emot/zuohe/08.gif","zuohe,09":"../../assets/emot/zuohe/09.gif","zuohe,10":"../../assets/emot/zuohe/10.gif","zuohe,11":"../../assets/emot/zuohe/11.gif","zuohe,12":"../../assets/emot/zuohe/12.gif","zuohe,13":"../../assets/emot/zuohe/13.gif","zuohe,14":"../../assets/emot/zuohe/14.gif","zuohe,15":"../../assets/emot/zuohe/15.gif","zuohe,16":"../../assets/emot/zuohe/16.gif","zuohe,17":"../../assets/emot/zuohe/17.gif","zuohe,18":"../../assets/emot/zuohe/18.gif","zuohe,19":"../../assets/emot/zuohe/19.gif","zuohe,20":"../../assets/emot/zuohe/20.gif","zuohe,21":"../../assets/emot/zuohe/21.gif","zuohe,22":"../../assets/emot/zuohe/22.gif","zuohe,23":"../../assets/emot/zuohe/23.gif","zuohe,24":"../../assets/emot/zuohe/24.gif","zuohe,25":"../../assets/emot/zuohe/25.gif","zuohe,26":"../../assets/emot/zuohe/26.gif","zuohe,27":"../../assets/emot/zuohe/27.gif","zuohe,28":"../../assets/emot/zuohe/28.gif","zuohe,29":"../../assets/emot/zuohe/29.gif","zuohe,30":"../../assets/emot/zuohe/30.gif","zuohe,31":"../../assets/emot/zuohe/31.gif","zuohe,32":"../../assets/emot/zuohe/32.gif","zuohe,33":"../../assets/emot/zuohe/33.gif","zuohe,34":"../../assets/emot/zuohe/34.gif","zuohe,35":"../../assets/emot/zuohe/35.gif","zuohe,36":"../../assets/emot/zuohe/36.gif","zuohe,37":"../../assets/emot/zuohe/37.gif","zuohe,38":"../../assets/emot/zuohe/38.gif","zuohe,39":"../../assets/emot/zuohe/39.gif","zuohe,40":"../../assets/emot/zuohe/40.gif","zuohe,41":"../../assets/emot/zuohe/41.gif","zuohe,42":"../../assets/emot/zuohe/42.gif","zuohe,43":"../../assets/emot/zuohe/43.gif","ac,1":"../../assets/emot/ac/1.gif","ac,2":"../../assets/emot/ac/2.gif","ac,3":"../../assets/emot/ac/3.gif","ac,4":"../../assets/emot/ac/4.gif","ac,5":"../../assets/emot/ac/5.gif","ac,6":"../../assets/emot/ac/6.gif","ac,7":"../../assets/emot/ac/7.gif","ac,8":"../../assets/emot/ac/8.gif","ac,9":"../../assets/emot/ac/9.gif"},"lost":["default,51","default,52","default,53","default,54","default,55","default,56","default,57","default,58","default,59","ac,56","ac,57","ac,58","ac,59","ac2,1","ac2,2","ac2,3","ac2,4","ac2,5","ac2,6","ac2,7","ac2,8","ac2,9","ac2,56","ac2,57","ac2,58","ac2,59","ac3,1","ac3,2","ac3,3","ac3,4","ac3,5","ac3,6","ac3,7","ac3,8","ac3,9","ac3,51","ac3,52","ac3,53","ac3,54","ac3,55","ac3,56","ac3,57","ac3,58","ac3,59","dog,1","dog,2","dog,3","dog,4","dog,5","dog,6","dog,7","dog,8","dog,9","dog,17","dog,18","dog,19","dog,20","dog,21","dog,22","dog,23","dog,24","dog,25","dog,26","dog,27","dog,28","dog,29","dog,30","dog,31","dog,32","dog,33","dog,34","dog,35","dog,36","dog,37","dog,38","dog,39","dog,40","dog,41","dog,42","dog,43","dog,44","dog,45","dog,46","dog,47","dog,48","dog,49","dog,50","dog,51","dog,52","dog,53","dog,54","dog,55","dog,56","dog,57","dog,58","dog,59","tsj,1","tsj,2","tsj,3","tsj,4","tsj,5","tsj,6","tsj,7","tsj,8","tsj,9","tsj,41","tsj,42","tsj,43","tsj,44","tsj,45","tsj,46","tsj,47","tsj,48","tsj,49","tsj,50","tsj,51","tsj,52","tsj,53","tsj,54","tsj,55","tsj,56","tsj,57","tsj,58","tsj,59","brd,1","brd,2","brd,3","brd,4","brd,5","brd,6","brd,7","brd,8","brd,08","brd,9","brd,25","brd,41","brd,42","brd,43","brd,44","brd,45","brd,46","brd,47","brd,48","brd,49","brd,50","brd,51","brd,52","brd,53","brd,54","brd,55","brd,56","brd,57","brd,58","brd,59","ais,1","ais,2","ais,3","ais,4","ais,5","ais,6","ais,7","ais,8","ais,9","ais,41","ais,42","ais,43","ais,44","ais,45","ais,46","ais,47","ais,48","ais,49","ais,50","ais,51","ais,52","ais,53","ais,54","ais,55","ais,56","ais,57","ais,58","ais,59","td,1","td,2","td,02","td,3","td,4","td,5","td,6","td,7","td,07","td,8","td,9","td,13","td,26","td,29","td,41","td,42","td,43","td,44","td,45","td,46","td,47","td,48","td,49","td,50","td,51","td,52","td,53","td,54","td,55","td,56","td,57","td,58","td,59","zuohe,1","zuohe,2","zuohe,3","zuohe,4","zuohe,5","zuohe,6","zuohe,7","zuohe,8","zuohe,9","zuohe,44","zuohe,45","zuohe,46","zuohe,47","zuohe,48","zuohe,49","zuohe,50","zuohe,51","zuohe,52","zuohe,53","zuohe,54","zuohe,55","zuohe,56","zuohe,57","zuohe,58","zuohe,59","blizzard,1","blizzard,2","blizzard,3","blizzard,4","blizzard,5","blizzard,6","blizzard,7","blizzard,8","blizzard,9","blizzard,22","blizzard,23","blizzard,24","blizzard,25","blizzard,26","blizzard,27","blizzard,28","blizzard,29","blizzard,30","blizzard,31","blizzard,32","blizzard,33","blizzard,34","blizzard,35","blizzard,36","blizzard,37","blizzard,38","blizzard,39","blizzard,40","blizzard,41","blizzard,42","blizzard,43","blizzard,44","blizzard,45","blizzard,46","blizzard,47","blizzard,48","blizzard,49","blizzard,50","blizzard,51","blizzard,52","blizzard,53","blizzard,54","blizzard,55","blizzard,56","blizzard,57","blizzard,58","blizzard,59","acdog,1","acdog,01","acdog,2","acdog,02","acdog,3","acdog,03","acdog,4","acdog,04","acdog,5","acdog,05","acdog,6","acdog,06","acdog,7","acdog,07","acdog,8","acdog,08","acdog,9","acdog,09","acdog,10","acdog,11","acdog,12","acdog,13","acdog,14","acdog,15","acdog,16","acdog,17","acdog,18","acdog,19","acdog,20","acdog,21","acdog,22","acdog,23","acdog,24","acdog,25","acdog,26","acdog,27","acdog,28","acdog,29","acdog,30","acdog,31","acdog,32","acdog,33","acdog,34","acdog,35","acdog,36","acdog,37","acdog,38","acdog,39","acdog,40","acdog,41","acdog,42","acdog,43","acdog,44","acdog,45","acdog,46","acdog,47","acdog,48","acdog,49","acdog,50","acdog,51","acdog,52","acdog,53","acdog,54","acdog,55","acdog,56","acdog,57","acdog,58","acdog,59"]}